id,repo_name,owner,stars,last_updated
266,angular.js,angular,58979,2025-12-23 17:13:37.440345
267,drawio-desktop,jgraph,58592,2025-12-23 17:13:37.440345
268,awesome-flutter,Solido,58341,2025-12-23 17:13:37.440345
269,ripgrep,BurntSushi,58295,2025-12-23 17:13:37.440345
271,rails,rails,58012,2025-12-23 17:13:37.440345
272,Magisk,topjohnwu,57680,2025-12-23 17:13:37.440345
273,crawl4ai,unclecode,57585,2025-12-23 17:13:37.440345
274,mkcert,FiloSottile,57517,2025-12-23 17:13:37.440345
275,fuel-core,FuelLabs,57433,2025-12-23 17:13:37.440345
276,awesome-chatgpt-prompts-zh,PlexPt,57418,2025-12-23 17:13:37.440345
277,html5-boilerplate,h5bp,57313,2025-12-23 17:13:37.440345
278,spec-kit,github,57294,2025-12-23 17:13:37.440345
279,DeepLearning-500-questions,scutan90,56993,2025-12-23 17:13:37.440345
280,ladybird,LadybirdBrowser,56967,2025-12-23 17:13:37.440345
281,private-gpt,zylon-ai,56922,2025-12-23 17:13:37.440345
282,you-get,soimort,56627,2025-12-23 17:13:37.440345
283,yolov5,ultralytics,56446,2025-12-23 17:13:37.440345
284,cline,cline,56329,2025-12-23 17:13:37.440345
285,bat,sharkdp,56324,2025-12-23 17:13:37.440345
286,zustand,pmndrs,56235,2025-12-23 17:13:37.440345
287,react-router,remix-run,56061,2025-12-23 17:13:37.440345
288,gatsby,gatsbyjs,55960,2025-12-23 17:13:37.440345
289,face_recognition,ageitgey,55941,2025-12-23 17:13:37.440345
290,OpenBB,OpenBB-finance,55752,2025-12-23 17:13:37.440345
291,leetcode,azl397985856,55751,2025-12-23 17:13:37.440345
292,FFmpeg,FFmpeg,55703,2025-12-23 17:13:37.440345
293,gpt-engineer,AntonOsika,55131,2025-12-23 17:13:37.440345
294,meilisearch,meilisearch,55074,2025-12-23 17:13:37.440345
295,astro,withastro,55061,2025-12-23 17:13:37.440345
296,pi-hole,pi-hole,54874,2025-12-23 17:13:37.440345
297,rich,Textualize,54859,2025-12-23 17:13:37.440345
298,project-layout,golang-standards,54816,2025-12-23 17:13:37.440345
299,faceswap,deepfakes,54812,2025-12-23 17:13:37.440345
300,awesome-android-ui,wasabeef,54803,2025-12-23 17:13:37.440345
347,chinese-poetry,chinese-poetry,50566,2025-12-23 17:13:41.189311
348,grok-1,xai-org,50565,2025-12-23 17:13:41.189311
349,go-ethereum,ethereum,50526,2025-12-23 17:13:41.189311
350,Motrix,agalwood,50293,2025-12-23 17:13:41.189311
356,typst,typst,49800,2025-12-23 17:13:44.997330
357,unsloth,unslothai,49795,2025-12-23 17:13:44.997330
358,cypress,cypress-io,49484,2025-12-23 17:13:44.997330
359,mastodon,mastodon,49405,2025-12-23 17:13:44.997330
360,hacker-scripts,NARKOZ,49308,2025-12-23 17:13:44.997330
361,windows,dockur,49200,2025-12-23 17:13:44.997330
362,100-Days-Of-ML-Code,Avik-Jain,49093,2025-12-23 17:13:44.997330
363,coolify,coollabsio,48704,2025-12-23 17:13:44.997330
364,alist,AlistGo,48685,2025-12-23 17:13:44.997330
365,v2rayNG,2dust,48566,2025-12-23 17:13:44.997330
366,lazydocker,jesseduffield,48520,2025-12-23 17:13:44.997330
367,RxJava,ReactiveX,48487,2025-12-23 17:13:44.997330
51,30-seconds-of-code,Chalarangelo,126090,2025-12-23 17:13:20.310141
52,react-native,facebook,124866,2025-12-23 17:13:20.310141
53,langchain,langchain-ai,122522,2025-12-23 17:13:20.310141
54,dify,langgenius,122500,2025-12-23 17:13:20.310141
55,hello-algo,krahets,120695,2025-12-23 17:13:20.310141
56,electron,electron,119491,2025-12-23 17:13:20.310141
57,kubernetes,kubernetes,119416,2025-12-23 17:13:20.310141
58,open-webui,open-webui,118520,2025-12-23 17:13:20.310141
59,free-for-dev,ripienaar,116454,2025-12-23 17:13:20.310141
60,free-programming-books-zh_CN,justjavac,116015,2025-12-23 17:13:20.310141
61,node,nodejs,114864,2025-12-23 17:13:20.310141
62,excalidraw,excalidraw,112927,2025-12-23 17:13:20.310141
63,d3,d3,112047,2025-12-23 17:13:20.310141
64,three.js,mrdoob,109984,2025-12-23 17:13:20.310141
65,rust,rust-lang,108727,2025-12-23 17:13:20.310141
66,axios,axios,108391,2025-12-23 17:13:20.310141
67,TypeScript,microsoft,107197,2025-12-23 17:13:20.310141
68,iptv,iptv-org,106629,2025-12-23 17:13:20.310141
69,deno,denoland,105628,2025-12-23 17:13:20.310141
70,nodebestpractices,goldbergyoni,104834,2025-12-23 17:13:20.310141
71,GitHub-Chinese-Top-Charts,GrowingGit,104689,2025-12-23 17:13:20.310141
72,rustdesk,rustdesk,104590,2025-12-23 17:13:20.310141
73,godot,godotengine,104331,2025-12-23 17:13:20.310141
74,generative-ai-for-beginners,microsoft,104136,2025-12-23 17:13:20.310141
75,create-react-app,facebook,103933,2025-12-23 17:13:20.310141
76,ui,shadcn-ui,103376,2025-12-23 17:13:20.310141
77,Awesome-Hacking,Hack-with-Github,103069,2025-12-23 17:13:20.310141
78,frp,fatedier,102546,2025-12-23 17:13:20.310141
79,system-prompts-and-models-of-ai-tools,x1xhlol,101661,2025-12-23 17:13:20.310141
80,papers-we-love,papers-we-love,101312,2025-12-23 17:13:20.310141
81,terminal,microsoft,101160,2025-12-23 17:13:20.310141
82,DeepSeek-V3,deepseek-ai,100804,2025-12-23 17:13:20.310141
83,tauri,tauri-apps,100312,2025-12-23 17:13:20.310141
84,angular,angular,99555,2025-12-23 17:13:20.310141
85,ComfyUI,comfyanonymous,97815,2025-12-23 17:13:20.310141
86,material-ui,mui,97509,2025-12-23 17:13:20.310141
87,ant-design,ant-design,97062,2025-12-23 17:13:20.310141
88,every-programmer-should-know,mtdvio,97001,2025-12-23 17:13:20.310141
89,awesome-mac,jaywcjlove,96685,2025-12-23 17:13:20.310141
90,HowToCook,Anduin2017,96619,2025-12-23 17:13:20.310141
91,pytorch,pytorch,96098,2025-12-23 17:13:20.310141
92,neovim,neovim,95126,2025-12-23 17:13:20.310141
93,supabase,supabase,95036,2025-12-23 17:13:20.310141
94,thefuck,nvbn,94986,2025-12-23 17:13:20.310141
95,Web-Dev-For-Beginners,microsoft,94717,2025-12-23 17:13:20.310141
96,clean-code-javascript,ryanmcdermott,94160,2025-12-23 17:13:20.310141
97,java-design-patterns,iluwatar,93540,2025-12-23 17:13:20.310141
98,fastapi,fastapi,93355,2025-12-23 17:13:20.310141
99,puppeteer,puppeteer,93122,2025-12-23 17:13:20.310141
101,whisper,openai,92265,2025-12-23 17:13:25.091081
102,llama.cpp,ggml-org,91874,2025-12-23 17:13:25.091081
103,tailwindcss,tailwindlabs,91654,2025-12-23 17:13:25.091081
104,DeepSeek-R1,deepseek-ai,91592,2025-12-23 17:13:25.091081
105,nvm,nvm-sh,90517,2025-12-23 17:13:25.091081
106,vue-element-admin,PanJiaChen,90213,2025-12-23 17:13:25.091081
107,app-ideas,florinpop17,89039,2025-12-23 17:13:25.091081
108,storybook,storybookjs,88881,2025-12-23 17:13:25.091081
109,clash-verge-rev,clash-verge-rev,88535,2025-12-23 17:13:25.091081
110,gemini-cli,google-gemini,88345,2025-12-23 17:13:25.091081
111,gin,gin-gonic,87453,2025-12-23 17:13:25.091081
112,bitcoin,bitcoin,87336,2025-12-23 17:13:25.091081
113,immich,immich-app,87193,2025-12-23 17:13:25.091081
114,NextChat,ChatGPTNextWeb,86792,2025-12-23 17:13:25.091081
115,django,django,86243,2025-12-23 17:13:25.091081
116,hugo,gohugoio,85515,2025-12-23 17:13:25.091081
117,bun,oven-sh,85477,2025-12-23 17:13:25.091081
368,MoneyPrinterTurbo,harry0703,48456,2025-12-23 17:13:44.997330
369,dayjs,iamkun,48454,2025-12-23 17:13:44.997330
370,huginn,huginn,48370,2025-12-23 17:13:44.997330
371,algorithm-visualizer,algorithm-visualizer,48294,2025-12-23 17:13:44.997330
372,json,nlohmann,48286,2025-12-23 17:13:44.997330
373,n8n-workflows,Zie619,48281,2025-12-23 17:13:44.997330
374,Free-Certifications,cloudcommunity,48263,2025-12-23 17:13:44.997330
375,julia,JuliaLang,48126,2025-12-23 17:13:44.997330
376,claude-code,anthropics,48111,2025-12-23 17:13:44.997330
377,moment,moment,48090,2025-12-23 17:13:44.997330
378,termux-app,termux,48024,2025-12-23 17:13:44.997330
379,odoo,odoo,47993,2025-12-23 17:13:44.997330
380,open-source-ios-apps,dkhamsing,47982,2025-12-23 17:13:44.997330
381,dbeaver,dbeaver,47922,2025-12-23 17:13:44.997330
382,llm-app,pathwaycom,47914,2025-12-23 17:13:44.997330
383,query,TanStack,47888,2025-12-23 17:13:44.997330
384,lx-music-desktop,lyswhut,47877,2025-12-23 17:13:44.997330
385,docling,docling-project,47563,2025-12-23 17:13:44.997330
386,big-list-of-naughty-strings,minimaxir,47527,2025-12-23 17:13:44.997330
387,Flowise,FlowiseAI,47504,2025-12-23 17:13:44.997330
388,ai-agents-for-beginners,microsoft,47433,2025-12-23 17:13:44.997330
389,memos,usememos,47399,2025-12-23 17:13:44.997330
390,pandas,pandas-dev,47385,2025-12-23 17:13:44.997330
391,x64dbg,x64dbg,47383,2025-12-23 17:13:44.997330
392,gogs,gogs,47374,2025-12-23 17:13:44.997330
393,type-challenges,type-challenges,47331,2025-12-23 17:13:44.997330
394,terraform,hashicorp,47322,2025-12-23 17:13:44.997330
395,Fooocus,lllyasviel,47287,2025-12-23 17:13:44.997330
396,Projects,karan,47201,2025-12-23 17:13:44.997330
397,design-patterns-for-humans,kamranahmedse,47122,2025-12-23 17:13:44.997330
398,htmx,bigskysoftware,46915,2025-12-23 17:13:44.997330
399,serverless,serverless,46915,2025-12-23 17:13:44.997330
400,react,typescript-cheatsheets,46857,2025-12-23 17:13:44.997330
801,jellyfin,jellyfin,46847,2025-12-23 17:13:48.533099
802,okhttp,square,46810,2025-12-23 17:13:48.533099
803,v2ray-core,v2ray,46786,2025-12-23 17:13:48.533099
804,kubernetes-the-hard-way,kelseyhightower,46754,2025-12-23 17:13:48.533099
805,open-source-mac-os-apps,serhii-londar,46709,2025-12-23 17:13:48.533099
806,quill,slab,46649,2025-12-23 17:13:48.533099
807,jadx,skylot,46599,2025-12-23 17:13:48.533099
808,awesome-java,akullpp,46398,2025-12-23 17:13:48.533099
809,awesome-react-components,brillout,46383,2025-12-23 17:13:48.533099
810,PythonDataScienceHandbook,jakevdp,46363,2025-12-23 17:13:48.533099
811,pixijs,pixijs,46263,2025-12-23 17:13:48.533099
812,learn-regex,ziishaned,46157,2025-12-23 17:13:48.533099
813,chinese-independent-developer,1c7,46015,2025-12-23 17:13:48.533099
814,llama_index,run-llama,45980,2025-12-23 17:13:48.533099
151,Deep-Live-Cam,hacksider,76402,2025-12-23 17:13:28.865630
152,fzf,junegunn,76165,2025-12-23 17:13:28.865630
153,Font-Awesome,FortAwesome,76112,2025-12-23 17:13:28.865630
154,elasticsearch,elastic,75703,2025-12-23 17:13:28.865630
155,uv,astral-sh,75496,2025-12-23 17:13:28.865630
156,code-server,coder,75491,2025-12-23 17:13:28.865630
157,json-server,typicode,75484,2025-12-23 17:13:28.865630
158,Best-websites-a-programmer-should-visit,sdmg15,75037,2025-12-23 17:13:28.865630
159,servers,modelcontextprotocol,74873,2025-12-23 17:13:28.865630
160,d2l-zh,d2l-ai,74539,2025-12-23 17:13:28.865630
161,union,unionlabs,74440,2025-12-23 17:13:28.865630
162,browser-use,browser-use,74054,2025-12-23 17:13:28.865630
163,nest,nestjs,73998,2025-12-23 17:13:28.865630
164,awesome-vue,vuejs,73549,2025-12-23 17:13:28.865630
165,PayloadsAllTheThings,swisskyrepo,73522,2025-12-23 17:13:28.865630
166,Ventoy,ventoy,73292,2025-12-23 17:13:28.865630
167,redis,redis,72238,2025-12-23 17:13:28.865630
168,localsend,localsend,72102,2025-12-23 17:13:28.865630
169,stable-diffusion,CompVis,72049,2025-12-23 17:13:28.865630
170,zed,zed-industries,71924,2025-12-23 17:13:28.865630
171,Front-End-Checklist,thedaviddias,71897,2025-12-23 17:13:28.865630
172,awesome-public-datasets,awesomedata,71622,2025-12-23 17:13:28.865630
173,tesseract,tesseract-ocr,71535,2025-12-23 17:13:28.865630
174,Stirling-PDF,Stirling-Tools,71534,2025-12-23 17:13:28.865630
175,grafana,grafana,71413,2025-12-23 17:13:28.865630
176,screenshot-to-code,abi,71293,2025-12-23 17:13:28.865630
177,moby,moby,71259,2025-12-23 17:13:28.865630
178,awesome-react,enaqx,71245,2025-12-23 17:13:28.865630
179,llm-course,mlabonne,71099,2025-12-23 17:13:28.865630
180,sherlock,sherlock-project,71093,2025-12-23 17:13:28.865630
201,awesome-cpp,fffaraz,68663,2025-12-23 17:13:32.263041
202,express,expressjs,68430,2025-12-23 17:13:32.263041
203,the-algorithm,twitter,68150,2025-12-23 17:13:32.263041
204,Prompt-Engineering-Guide,dair-ai,68109,2025-12-23 17:13:32.263041
205,tabby,Eugeny,67762,2025-12-23 17:13:32.263041
206,SecLists,danielmiessler,67717,2025-12-23 17:13:32.263041
207,act,nektos,67714,2025-12-23 17:13:32.263041
208,ansible,ansible,67431,2025-12-23 17:13:32.263041
209,awesome-scalability,binhnguyennus,67305,2025-12-23 17:13:32.263041
210,AppFlowy,AppFlowy-IO,67094,2025-12-23 17:13:32.263041
211,Chart.js,chartjs,66924,2025-12-23 17:13:32.263041
212,PaddleOCR,PaddlePaddle,66716,2025-12-23 17:13:32.263041
213,vllm,vllm-project,66004,2025-12-23 17:13:32.263041
214,33-js-concepts,leonardomso,65998,2025-12-23 17:13:32.263041
215,OpenHands,OpenHands,65866,2025-12-23 17:13:32.263041
216,webpack,webpack,65836,2025-12-23 17:13:32.263041
217,gpt4free,xtekky,65640,2025-12-23 17:13:32.263041
218,anime,juliangarnier,65613,2025-12-23 17:13:32.263041
219,echarts,apache,65286,2025-12-23 17:13:32.263041
220,awesome-courses,prakhar1989,65258,2025-12-23 17:13:32.263041
221,javascript-questions,lydiahallie,65180,2025-12-23 17:13:32.263041
222,annotated_deep_learning_paper_implementations,labmlai,64966,2025-12-23 17:13:32.263041
223,interviews,kdn251,64735,2025-12-23 17:13:32.263041
224,Java,TheAlgorithms,64574,2025-12-23 17:13:32.263041
225,nocode,kelseyhightower,64487,2025-12-23 17:13:32.263041
226,LLaMA-Factory,hiyouga,64380,2025-12-23 17:13:32.263041
227,scikit-learn,scikit-learn,64367,2025-12-23 17:13:32.263041
228,Apollo-11,chrislgarry,64305,2025-12-23 17:13:32.263041
229,awesome-nodejs,sindresorhus,64203,2025-12-23 17:13:32.263041
230,design-resources-for-developers,bradtraversy,63956,2025-12-23 17:13:32.263041
231,localstack,localstack,63765,2025-12-23 17:13:32.263041
232,keras,keras-team,63659,2025-12-23 17:13:32.263041
233,ChinaTextbook,TapXWorld,63175,2025-12-23 17:13:32.263041
234,docusaurus,facebook,63093,2025-12-23 17:13:32.263041
235,ghidra,NationalSecurityAgency,62944,2025-12-23 17:13:32.263041
251,traefik,traefik,60675,2025-12-23 17:13:37.440345
252,uBlock,gorhill,60564,2025-12-23 17:13:37.440345
253,tldr,tldr-pages,60555,2025-12-23 17:13:37.440345
254,markdown-here,adam-p,60113,2025-12-23 17:13:37.440345
255,jquery,jquery,59665,2025-12-23 17:13:37.440345
256,leetcode-master,youngyangyang04,59662,2025-12-23 17:13:37.440345
257,openpilot,commaai,59438,2025-12-23 17:13:37.440345
258,spring-framework,spring-projects,59401,2025-12-23 17:13:37.440345
259,minio,minio,59388,2025-12-23 17:13:37.440345
260,scrapy,scrapy,59291,2025-12-23 17:13:37.440345
261,nocodb,nocodb,59219,2025-12-23 17:13:37.440345
262,shadowsocks-windows,shadowsocks,59172,2025-12-23 17:13:37.440345
263,nuxt,nuxt,59152,2025-12-23 17:13:37.440345
264,Real-Time-Voice-Cloning,CorentinJ,59055,2025-12-23 17:13:37.440345
265,llama,meta-llama,58998,2025-12-23 17:13:37.440345
270,git,git,58211,2025-12-23 17:13:37.440345
301,pocketbase,pocketbase,54569,2025-12-23 17:13:41.189311
302,codex,openai,54549,2025-12-23 17:13:41.189311
303,rclone,rclone,54520,2025-12-23 17:13:41.189311
304,awesome-rust,rust-unofficial,54502,2025-12-23 17:13:41.189311
305,ChatGPT,lencx,54366,2025-12-23 17:13:41.189311
306,hackingtool,Z4nzu,54308,2025-12-23 17:13:41.189311
307,element,ElemeFE,54238,2025-12-23 17:13:41.189311
308,github-cheat-sheet,tiimgreen,54197,2025-12-23 17:13:41.189311
309,30-Days-Of-Python,Asabeneh,54168,2025-12-23 17:13:41.189311
310,appwrite,appwrite,53999,2025-12-23 17:13:41.189311
311,maybe,maybe-finance,53894,2025-12-23 17:13:41.189311
312,normalize.css,necolas,53733,2025-12-23 17:13:41.189311
313,requests,psf,53594,2025-12-23 17:13:41.189311
314,GPT-SoVITS,RVC-Boss,53413,2025-12-23 17:13:41.189311
315,segment-anything,facebookresearch,52985,2025-12-23 17:13:41.189311
316,dive,wagoodman,52948,2025-12-23 17:13:41.189311
317,starship,starship,52946,2025-12-23 17:13:41.189311
318,marktext,marktext,52880,2025-12-23 17:13:41.189311
319,autogen,microsoft,52780,2025-12-23 17:13:41.189311
320,gitea,go-gitea,52676,2025-12-23 17:13:41.189311
321,material-design-icons,google,52675,2025-12-23 17:13:41.189311
322,joplin,laurent22,52630,2025-12-23 17:13:41.189311
323,pdf.js,mozilla,52509,2025-12-23 17:13:41.189311
324,core,vuejs,52509,2025-12-23 17:13:41.189311
325,anything-llm,Mintplex-Labs,52461,2025-12-23 17:13:41.189311
326,trackerslist,ngosang,52326,2025-12-23 17:13:41.189311
327,vaultwarden,dani-garcia,52269,2025-12-23 17:13:41.189311
328,ionic-framework,ionic-team,52254,2025-12-23 17:13:41.189311
329,ImHex,WerWolv,52074,2025-12-23 17:13:41.189311
330,kotlin,JetBrains,52058,2025-12-23 17:13:41.189311
331,powerlevel10k,romkatv,52056,2025-12-23 17:13:41.189311
332,Docker-OSX,sickcodes,51896,2025-12-23 17:13:41.189311
333,first-contributions,firstcontributions,51806,2025-12-23 17:13:41.189311
334,Ghost,TryGhost,51432,2025-12-23 17:13:41.189311
335,OpenManus,FoundationAgents,51426,2025-12-23 17:13:41.189311
336,guava,google,51358,2025-12-23 17:13:41.189311
337,nanoGPT,karpathy,51326,2025-12-23 17:13:41.189311
338,prettier,prettier,51309,2025-12-23 17:13:41.189311
339,jekyll,jekyll,51245,2025-12-23 17:13:41.189311
340,Semantic-UI,Semantic-Org,51179,2025-12-23 17:13:41.189311
341,etcd,etcd-io,51049,2025-12-23 17:13:41.189311
342,PowerShell,PowerShell,51036,2025-12-23 17:13:41.189311
343,MinerU,opendatalab,50888,2025-12-23 17:13:41.189311
344,pathway,pathwaycom,50800,2025-12-23 17:13:41.189311
345,awesome-ios,vsouza,50772,2025-12-23 17:13:41.189311
346,DefinitelyTyped,DefinitelyTyped,50748,2025-12-23 17:13:41.189311
351,hiring-without-whiteboards,poteto,50265,2025-12-23 17:13:44.997330
352,ultralytics,ultralytics,50255,2025-12-23 17:13:44.997330
353,awesome-wechat-weapp,justjavac,50099,2025-12-23 17:13:44.997330
354,bulma,jgthms,50023,2025-12-23 17:13:44.997330
355,professional-programming,charlax,50020,2025-12-23 17:13:44.997330
815,brew,Homebrew,45919,2025-12-23 17:13:48.533099
816,discourse,discourse,45837,2025-12-23 17:13:48.533099
817,expo,expo,45787,2025-12-23 17:13:48.533099
818,30-Days-Of-JavaScript,Asabeneh,45761,2025-12-23 17:13:48.533099
819,text-generation-webui,oobabooga,45668,2025-12-23 17:13:48.533099
820,frontend-dev-bookmarks,dypsilon,45617,2025-12-23 17:13:48.533099
821,architecture-samples,android,45486,2025-12-23 17:13:48.533099
822,freqtrade,freqtrade,45467,2025-12-23 17:13:48.533099
823,awesome-design-patterns,DovAmir,45316,2025-12-23 17:13:48.533099
824,metabase,metabase,45277,2025-12-23 17:13:48.533099
825,whisper.cpp,ggml-org,45256,2025-12-23 17:13:48.533099
826,Made-With-ML,GokuMohandas,45234,2025-12-23 17:13:48.533099
827,AdminLTE,ColorlibHQ,45234,2025-12-23 17:13:48.533099
828,jest,jestjs,45222,2025-12-23 17:13:48.533099
829,monaco-editor,microsoft,45029,2025-12-23 17:13:48.533099
830,awesome-cheatsheets,LeCoupa,45025,2025-12-23 17:13:48.533099
831,acme.sh,acmesh-official,45021,2025-12-23 17:13:48.533099
832,zx,google,44969,2025-12-23 17:13:48.533099
833,prisma,prisma,44862,2025-12-23 17:13:48.533099
834,JeecgBoot,jeecgboot,44812,2025-12-23 17:13:48.533099
835,ClickHouse,ClickHouse,44792,2025-12-23 17:13:48.533099
836,meteor,meteor,44757,2025-12-23 17:13:48.533099
837,ruff,astral-sh,44672,2025-12-23 17:13:48.533099
838,CppCoreGuidelines,isocpp,44627,2025-12-23 17:13:48.533099
839,hyper,vercel,44610,2025-12-23 17:13:48.533099
840,mem0,mem0ai,44590,2025-12-23 17:13:48.533099
841,OpenCut,OpenCut-app,44567,2025-12-23 17:13:48.533099
842,AI-For-Beginners,microsoft,44540,2025-12-23 17:13:48.533099
843,winutil,ChrisTitusTech,44411,2025-12-23 17:13:48.533099
844,react-hook-form,react-hook-form,44324,2025-12-23 17:13:48.533099
845,tldraw,tldraw,44285,2025-12-23 17:13:48.533099
846,Pake,tw93,44191,2025-12-23 17:13:48.533099
847,nvm-windows,coreybutler,44163,2025-12-23 17:13:48.533099
848,Leaflet,Leaflet,44159,2025-12-23 17:13:48.533099
849,Rocket.Chat,RocketChat,44149,2025-12-23 17:13:48.533099
850,grpc,grpc,44125,2025-12-23 17:13:48.533099
851,build-web-application-with-golang,astaxie,44118,2025-12-23 17:13:52.361985
852,parcel,parcel-bundler,44023,2025-12-23 17:13:52.361985
853,ai-hedge-fund,virattt,43980,2025-12-23 17:13:52.361985
854,TTS,coqui-ai,43966,2025-12-23 17:13:52.361985
855,pyenv,pyenv,43922,2025-12-23 17:13:52.361985
930,ccxt,ccxt,40295,2025-12-23 17:13:56.021589
1,build-your-own-x,codecrafters-io,451398,2025-12-23 17:13:16.672007
2,freeCodeCamp,freeCodeCamp,435132,2025-12-23 17:13:16.672007
3,awesome,sindresorhus,424373,2025-12-23 17:13:16.672007
4,public-apis,public-apis,387385,2025-12-23 17:13:16.672007
5,free-programming-books,EbookFoundation,379222,2025-12-23 17:13:16.672007
6,developer-roadmap,kamranahmedse,345916,2025-12-23 17:13:16.672007
7,coding-interview-university,jwasham,335164,2025-12-23 17:13:16.672007
8,system-design-primer,donnemartin,330019,2025-12-23 17:13:16.672007
9,996.ICU,996icu,275056,2025-12-23 17:13:16.672007
10,awesome-python,vinta,275035,2025-12-23 17:13:16.672007
11,awesome-selfhosted,awesome-selfhosted,264262,2025-12-23 17:13:16.672007
12,project-based-learning,practical-tutorials,253263,2025-12-23 17:13:16.672007
13,react,facebook,241814,2025-12-23 17:13:16.672007
14,Python,TheAlgorithms,215045,2025-12-23 17:13:16.672007
15,linux,torvalds,211520,2025-12-23 17:13:16.672007
16,vue,vuejs,209773,2025-12-23 17:13:16.672007
17,the-book-of-secret-knowledge,trimstray,199510,2025-12-23 17:13:16.672007
18,computer-science,ossu,199359,2025-12-23 17:13:16.672007
19,javascript-algorithms,trekhleb,195185,2025-12-23 17:13:16.672007
20,tensorflow,tensorflow,193029,2025-12-23 17:13:16.672007
21,You-Dont-Know-JS,getify,184143,2025-12-23 17:13:16.672007
22,ohmyzsh,ohmyzsh,183498,2025-12-23 17:13:16.672007
23,CS-Notes,CyC2018,183207,2025-12-23 17:13:16.672007
24,AutoGPT,Significant-Gravitas,180452,2025-12-23 17:13:16.672007
25,vscode,microsoft,179919,2025-12-23 17:13:16.672007
26,Python-100-Days,jackfrued,176708,2025-12-23 17:13:16.672007
27,flutter,flutter,174403,2025-12-23 17:13:16.672007
28,bootstrap,twbs,173840,2025-12-23 17:13:16.672007
29,gitignore,github,171426,2025-12-23 17:13:16.672007
30,n8n,n8n-io,164315,2025-12-23 17:13:16.672007
31,awesome-go,avelino,160667,2025-12-23 17:13:16.672007
32,Microsoft-Activation-Scripts,massgravel,160240,2025-12-23 17:13:16.672007
33,the-art-of-command-line,jlevy,159239,2025-12-23 17:13:16.672007
34,stable-diffusion-webui,AUTOMATIC1111,159191,2025-12-23 17:13:16.672007
35,ollama,ollama,158104,2025-12-23 17:13:16.672007
36,transformers,huggingface,154161,2025-12-23 17:13:16.672007
37,JavaGuide,Snailclimb,153159,2025-12-23 17:13:16.672007
38,javascript,airbnb,148016,2025-12-23 17:13:16.672007
39,langflow,langflow-ai,141818,2025-12-23 17:13:16.672007
40,awesome-chatgpt-prompts,f,140457,2025-12-23 17:13:16.672007
41,youtube-dl,ytdl-org,139230,2025-12-23 17:13:16.672007
42,yt-dlp,yt-dlp,139204,2025-12-23 17:13:16.672007
43,HelloGitHub,521xueweihan,138022,2025-12-23 17:13:16.672007
44,next.js,vercel,136730,2025-12-23 17:13:16.672007
45,tech-interview-handbook,yangshun,136370,2025-12-23 17:13:16.672007
46,scrcpy,Genymobile,132938,2025-12-23 17:13:16.672007
47,FreeDomain,DigitalPlatDev,132859,2025-12-23 17:13:16.672007
48,go,golang,131561,2025-12-23 17:13:16.672007
49,fucking-algorithm,labuladong,131326,2025-12-23 17:13:16.672007
50,PowerToys,microsoft,126726,2025-12-23 17:13:16.672007
100,v2rayN,2dust,92930,2025-12-23 17:13:20.310141
118,opencv,opencv,85405,2025-12-23 17:13:25.091081
119,svelte,sveltejs,85216,2025-12-23 17:13:25.091081
120,mermaid,mermaid-js,84845,2025-12-23 17:13:25.091081
121,markitdown,microsoft,84515,2025-12-23 17:13:25.091081
122,awesome-llm-apps,Shubhamsaboo,83833,2025-12-23 17:13:25.091081
123,core,home-assistant,83616,2025-12-23 17:13:25.091081
124,laravel,laravel,83109,2025-12-23 17:13:25.091081
125,realworld,gothinkster,82668,2025-12-23 17:13:25.091081
126,manim,3b1b,82545,2025-12-23 17:13:25.091081
127,animate.css,animate-css,82539,2025-12-23 17:13:25.091081
128,mall,macrozheng,82513,2025-12-23 17:13:25.091081
129,ML-For-Beginners,microsoft,82482,2025-12-23 17:13:25.091081
130,LLMs-from-scratch,rasbt,81524,2025-12-23 17:13:25.091081
131,weekly,ruanyf,81218,2025-12-23 17:13:25.091081
132,awesome-for-beginners,MunGell,80881,2025-12-23 17:13:25.091081
133,FiraCode,tonsky,80788,2025-12-23 17:13:25.091081
134,playwright,microsoft,80434,2025-12-23 17:13:25.091081
135,devops-exercises,bregman-arie,80324,2025-12-23 17:13:25.091081
136,uptime-kuma,louislam,80084,2025-12-23 17:13:25.091081
137,awesome-interview-questions,DopplerHQ,79618,2025-12-23 17:13:25.091081
138,spring-boot,spring-projects,79451,2025-12-23 17:13:25.091081
139,advanced-java,doocs,78652,2025-12-23 17:13:25.091081
140,system-design-101,ByteByteGoHq,78560,2025-12-23 17:13:25.091081
141,syncthing,syncthing,78453,2025-12-23 17:13:25.091081
142,funNLP,fighting41love,78017,2025-12-23 17:13:25.091081
143,models,tensorflow,77686,2025-12-23 17:13:25.091081
144,github-readme-stats,anuraghazra,77560,2025-12-23 17:13:25.091081
145,hoppscotch,hoppscotch,77372,2025-12-23 17:13:25.091081
146,awesome-mcp-servers,punkpeye,77243,2025-12-23 17:13:25.091081
147,vite,vitejs,77214,2025-12-23 17:13:25.091081
148,netdata,netdata,77104,2025-12-23 17:13:25.091081
149,gpt4all,nomic-ai,76983,2025-12-23 17:13:25.091081
150,LeetCodeAnimation,MisterBooo,76640,2025-12-23 17:13:25.091081
181,awesome-machine-learning,josephmisiti,71034,2025-12-23 17:13:28.865630
182,flask,pallets,70956,2025-12-23 17:13:28.865630
183,strapi,strapi,70771,2025-12-23 17:13:28.865630
184,firecrawl,firecrawl,70694,2025-12-23 17:13:28.865630
185,cs-video-courses,Developer-Y,70444,2025-12-23 17:13:28.865630
186,cpython,python,70436,2025-12-23 17:13:28.865630
187,ragflow,infiniflow,70291,2025-12-23 17:13:28.865630
188,reveal.js,hakimel,70279,2025-12-23 17:13:28.865630
189,cs-self-learning,PKUFlyingPig,70220,2025-12-23 17:13:28.865630
190,imgui,ocornut,70218,2025-12-23 17:13:28.865630
191,openai-cookbook,openai,69937,2025-12-23 17:13:28.865630
192,protobuf,protocolbuffers,69921,2025-12-23 17:13:28.865630
193,gpt_academic,binary-husky,69864,2025-12-23 17:13:28.865630
194,lazygit,jesseduffield,69673,2025-12-23 17:13:28.865630
195,superset,apache,69510,2025-12-23 17:13:28.865630
196,swift,swiftlang,69478,2025-12-23 17:13:28.865630
197,lobe-chat,lobehub,69358,2025-12-23 17:13:28.865630
198,obs-studio,obsproject,69207,2025-12-23 17:13:28.865630
199,node,base,68773,2025-12-23 17:13:28.865630
200,caddy,caddyserver,68722,2025-12-23 17:13:28.865630
236,resume.github.com,resume,62726,2025-12-23 17:13:32.263041
237,socket.io,socketio,62713,2025-12-23 17:13:32.263041
238,sway,FuelLabs,62042,2025-12-23 17:13:32.263041
239,prometheus,prometheus,61888,2025-12-23 17:13:32.263041
240,alacritty,alacritty,61540,2025-12-23 17:13:32.263041
241,lodash,lodash,61496,2025-12-23 17:13:32.263041
242,redux,reduxjs,61428,2025-12-23 17:13:32.263041
243,MetaGPT,FoundationAgents,61378,2025-12-23 17:13:32.263041
244,open-interpreter,openinterpreter,61230,2025-12-23 17:13:32.263041
245,rustlings,rust-lang,61105,2025-12-23 17:13:32.263041
246,AFFiNE,toeverything,60969,2025-12-23 17:13:32.263041
247,atom,atom,60941,2025-12-23 17:13:32.263041
248,nerd-fonts,ryanoasis,60940,2025-12-23 17:13:32.263041
249,architect-awesome,xingshaocheng,60764,2025-12-23 17:13:32.263041
250,Front-end-Developer-Interview-Questions,h5bp,60746,2025-12-23 17:13:32.263041
856,reactjs-interview-questions,sudheerj,43871,2025-12-23 17:13:52.361985
857,react-use,streamich,43840,2025-12-23 17:13:52.361985
858,retrofit,square,43835,2025-12-23 17:13:52.361985
859,babel,babel,43818,2025-12-23 17:13:52.361985
860,edex-ui,GitSquared,43803,2025-12-23 17:13:52.361985
861,TensorFlow-Examples,aymericdamien,43770,2025-12-23 17:13:52.361985
862,front-end-interview-handbook,yangshun,43750,2025-12-23 17:13:52.361985
863,EasySpider,NaiboWang,43708,2025-12-23 17:13:52.361985
864,bevy,bevyengine,43637,2025-12-23 17:13:52.361985
865,airflow,apache,43613,2025-12-23 17:13:52.361985
866,fuels-rs,FuelLabs,43495,2025-12-23 17:13:52.361985
867,fuels-ts,FuelLabs,43468,2025-12-23 17:13:52.361985
868,penpot,penpot,43443,2025-12-23 17:13:52.361985
869,GitHubDaily,GitHubDaily,43407,2025-12-23 17:13:52.361985
870,slidev,slidevjs,43331,2025-12-23 17:13:52.361985
871,spotube,KRTirtho,43223,2025-12-23 17:13:52.361985
872,iina,iina,43058,2025-12-23 17:13:52.361985
873,awesome-compose,docker,43041,2025-12-23 17:13:52.361985
874,pm2,Unitech,42820,2025-12-23 17:13:52.361985
875,streamlit,streamlit,42791,2025-12-23 17:13:52.361985
876,Summer2026-Internships,SimplifyJobs,42756,2025-12-23 17:13:52.361985
877,sentry,getsentry,42754,2025-12-23 17:13:52.361985
878,cobra,spf13,42708,2025-12-23 17:13:52.361985
879,CPlusPlusThings,Light-City,42647,2025-12-23 17:13:52.361985
880,jsoncrack.com,AykutSarac,42637,2025-12-23 17:13:52.361985
881,zig,ziglang,42590,2025-12-23 17:13:52.361985
882,what-happens-when,alex,42576,2025-12-23 17:13:52.361985
883,python-patterns,faif,42573,2025-12-23 17:13:52.361985
884,legado,gedoor,42558,2025-12-23 17:13:52.361985
885,spark,apache,42527,2025-12-23 17:13:52.361985
886,git-flight-rules,k88hudson,42482,2025-12-23 17:13:52.361985
887,kong,Kong,42422,2025-12-23 17:13:52.361985
888,TrafficMonitor,zhongyang219,42369,2025-12-23 17:13:52.361985
889,Alamofire,Alamofire,42273,2025-12-23 17:13:52.361985
890,helix,helix-editor,42000,2025-12-23 17:13:52.361985
891,upscayl,upscayl,41891,2025-12-23 17:13:52.361985
892,ailearning,apachecn,41881,2025-12-23 17:13:52.361985
893,diagrams,mingrammer,41865,2025-12-23 17:13:52.361985
894,milvus,milvus-io,41864,2025-12-23 17:13:52.361985
895,cli,cli,41735,2025-12-23 17:13:52.361985
896,swiper,nolimits4web,41694,2025-12-23 17:13:52.361985
897,crewAI,crewAIInc,41689,2025-12-23 17:13:52.361985
898,mitmproxy,mitmproxy,41688,2025-12-23 17:13:52.361985
899,dubbo,apache,41665,2025-12-23 17:13:52.361985
900,nw.js,nwjs,41540,2025-12-23 17:13:52.361985
901,yarn,yarnpkg,41540,2025-12-23 17:13:56.021589
902,awesome-remote-job,lukasz-madon,41455,2025-12-23 17:13:56.021589
903,opencode,sst,41375,2025-12-23 17:13:56.021589
904,uni-app,dcloudio,41325,2025-12-23 17:13:56.021589
905,ColossalAI,hpcaitech,41304,2025-12-23 17:13:56.021589
906,fanqiang,bannedbook,41263,2025-12-23 17:13:56.021589
907,black,psf,41241,2025-12-23 17:13:56.021589
908,ChatGLM-6B,zai-org,41208,2025-12-23 17:13:56.021589
909,vue2-elm,bailicangdu,41191,2025-12-23 17:13:56.021589
910,zod,colinhacks,41151,2025-12-23 17:13:56.021589
911,hexo,hexojs,41095,2025-12-23 17:13:56.021589
912,DeepSpeed,deepspeedai,41063,2025-12-23 17:13:56.021589
913,gradio,gradio-app,41053,2025-12-23 17:13:56.021589
914,styled-components,styled-components,41000,2025-12-23 17:13:56.021589
915,pure-bash-bible,dylanaraps,40961,2025-12-23 17:13:56.021589
916,pandoc,jgm,40959,2025-12-23 17:13:56.021589
917,fd,sharkdp,40904,2025-12-23 17:13:56.021589
918,vuetify,vuetifyjs,40858,2025-12-23 17:13:56.021589
919,English-level-up-tips,byoungd,40850,2025-12-23 17:13:56.021589
920,plane,makeplane,40849,2025-12-23 17:13:56.021589
921,Files,files-community,40838,2025-12-23 17:13:56.021589
922,Umi-OCR,hiroi-sora,40811,2025-12-23 17:13:56.021589
923,fastlane,fastlane,40780,2025-12-23 17:13:56.021589
924,RSSHub,DIYgod,40640,2025-12-23 17:13:56.021589
925,LocalAI,mudler,40614,2025-12-23 17:13:56.021589
926,cheat.sh,chubin,40599,2025-12-23 17:13:56.021589
927,tabler,tabler,40543,2025-12-23 17:13:56.021589
928,MediaCrawler,NanmiCoder,40510,2025-12-23 17:13:56.021589
929,ray,ray-project,40446,2025-12-23 17:13:56.021589
931,tmux,tmux,40282,2025-12-23 17:13:56.021589
932,WeChatMsg,LC044,40276,2025-12-23 17:13:56.021589
933,50projects50days,bradtraversy,40251,2025-12-23 17:13:56.021589
934,chatgpt-on-wechat,zhayujie,40248,2025-12-23 17:13:56.021589
935,curl,curl,40220,2025-12-23 17:13:56.021589
936,TrendRadar,sansan0,40173,2025-12-23 17:13:56.021589
937,full-stack-fastapi-template,fastapi,40138,2025-12-23 17:13:56.021589
938,chakra-ui,chakra-ui,40078,2025-12-23 17:13:56.021589
939,siyuan,siyuan-note,40025,2025-12-23 17:13:56.021589
940,zju-icicles,QSCTech,39981,2025-12-23 17:13:56.021589
941,wrk,wg,39931,2025-12-23 17:13:56.021589
942,logseq,logseq,39919,2025-12-23 17:13:56.021589
943,ghostty,ghostty-org,39916,2025-12-23 17:13:56.021589
944,context7,upstash,39884,2025-12-23 17:13:56.021589
945,jan,janhq,39840,2025-12-23 17:13:56.021589
946,remote-jobs,remoteintech,39821,2025-12-23 17:13:56.021589
947,bert,google-research,39760,2025-12-23 17:13:56.021589
948,php-src,php,39724,2025-12-23 17:13:56.021589
949,daisyui,saadeghi,39699,2025-12-23 17:13:56.021589
950,daytona,daytonaio,39669,2025-12-23 17:13:56.021589
951,esbuild,evanw,39571,2025-12-23 17:14:00.010657
952,aria2,aria2,39558,2025-12-23 17:14:00.010657
953,payload,payloadcms,39507,2025-12-23 17:14:00.010657
954,copyparty,9001,39507,2025-12-23 17:14:00.010657
955,tidb,pingcap,39499,2025-12-23 17:14:00.010657
956,vim,vim,39481,2025-12-23 17:14:00.010657
957,bruno,usebruno,39408,2025-12-23 17:14:00.010657
958,video.js,videojs,39400,2025-12-23 17:14:00.010657
959,Deep-Learning-Papers-Reading-Roadmap,floodsung,39395,2025-12-23 17:14:00.010657
960,cal.com,calcom,39393,2025-12-23 17:14:00.010657
961,hyperswitch,juspay,39335,2025-12-23 17:14:00.010657
962,FastChat,lm-sys,39329,2025-12-23 17:14:00.010657
963,gorm,go-gorm,39285,2025-12-23 17:14:00.010657
964,trpc,trpc,39183,2025-12-23 17:14:00.010657
965,materialize,Dogfalo,39155,2025-12-23 17:14:00.010657
966,aider,Aider-AI,39138,2025-12-23 17:14:00.010657
967,nanochat,karpathy,39105,2025-12-23 17:14:00.010657
968,data-engineer-handbook,DataExpert-io,39065,2025-12-23 17:14:00.010657
969,HEU_KMS_Activator,zbezj,39015,2025-12-23 17:14:00.010657
970,photoprism,photoprism,38988,2025-12-23 17:14:00.010657
971,system-design,karanpratapsingh,38966,2025-12-23 17:14:00.010657
972,free,freefq,38903,2025-12-23 17:14:00.010657
973,bark,suno-ai,38844,2025-12-23 17:14:00.010657
974,fiber,gofiber,38803,2025-12-23 17:14:00.010657
975,styleguide,google,38769,2025-12-23 17:14:00.010657
976,phaser,phaserjs,38740,2025-12-23 17:14:00.010657
977,appsmith,appsmithorg,38726,2025-12-23 17:14:00.010657
978,quivr,QuivrHQ,38710,2025-12-23 17:14:00.010657
979,shellcheck,koalaman,38696,2025-12-23 17:14:00.010657
980,Awesome-Design-Tools,goabstract,38668,2025-12-23 17:14:00.010657
981,desktop,zen-browser,38615,2025-12-23 17:14:00.010657
982,leveldb,google,38589,2025-12-23 17:14:00.010657
983,impress.js,impress,38518,2025-12-23 17:14:00.010657
984,faiss,facebookresearch,38506,2025-12-23 17:14:00.010657
985,ChatTTS,2noise,38384,2025-12-23 17:14:00.010657
986,novu,novuhq,38322,2025-12-23 17:14:00.010657
987,preact,preactjs,38228,2025-12-23 17:14:00.010657
988,MPAndroidChart,PhilJay,38186,2025-12-23 17:14:00.010657
989,devdocs,freeCodeCamp,38162,2025-12-23 17:14:00.010657
990,mindsdb,mindsdb,38114,2025-12-23 17:14:00.010657
991,puter,HeyPuter,38110,2025-12-23 17:14:00.010657
992,python-cheatsheet,gto76,38051,2025-12-23 17:14:00.010657
993,chatbox,chatboxai,37867,2025-12-23 17:14:00.010657
994,ant-design-pro,ant-design,37779,2025-12-23 17:14:00.010657
995,lapce,lapce,37769,2025-12-23 17:14:00.010657
996,istio,istio,37730,2025-12-23 17:14:00.010657
997,insomnia,Kong,37700,2025-12-23 17:14:00.010657
998,cobalt,imputnet,37695,2025-12-23 17:14:00.010657
999,exo,exo-explore,37690,2025-12-23 17:14:00.010657
1000,googletest,google,37643,2025-12-23 17:14:00.010657
1001,twenty,twentyhq,37640,2025-12-23 17:14:03.745908
1002,tesseract.js,naptha,37632,2025-12-23 17:14:03.745908
1003,nushell,nushell,37606,2025-12-23 17:14:03.745908
1004,freecodecamp.cn,FreeCodeCampChina,37600,2025-12-23 17:14:03.745908
1005,bubbletea,charmbracelet,37571,2025-12-23 17:14:03.745908
1006,aspnetcore,dotnet,37534,2025-12-23 17:14:03.745908
1007,wtfjs,denysdovhan,37533,2025-12-23 17:14:03.745908
1008,halo,halo-dev,37496,2025-12-23 17:14:03.745908
1009,Open-Assistant,LAION-AI,37488,2025-12-23 17:14:03.745908
1010,interview,huihut,37324,2025-12-23 17:14:03.745908
1011,tutorials,eugenp,37318,2025-12-23 17:14:03.745908
1012,GFPGAN,TencentARC,37304,2025-12-23 17:14:03.745908
1013,cli,httpie,37251,2025-12-23 17:14:03.745908
1014,taro,NervJS,37163,2025-12-23 17:14:03.745908
1015,v,vlang,37148,2025-12-23 17:14:03.745908
1016,metasploit-framework,rapid7,37110,2025-12-23 17:14:03.745908
1017,interview_internal_reference,0voice,37100,2025-12-23 17:14:03.745908
1018,deeplearningbook-chinese,exacity,37089,2025-12-23 17:14:03.745908
1019,ToolJet,ToolJet,37072,2025-12-23 17:14:03.745908
1020,arthas,alibaba,36964,2025-12-23 17:14:03.745908
1021,google-research,google-research,36941,2025-12-23 17:14:03.745908
1022,docs,inkonchain,36911,2025-12-23 17:14:03.745908
1023,gym,openai,36890,2025-12-23 17:14:03.745908
1024,node,inkonchain,36874,2025-12-23 17:14:03.745908
1025,cherry-studio,CherryHQ,36867,2025-12-23 17:14:03.745908
1026,Langchain-Chatchat,chatchat-space,36864,2025-12-23 17:14:03.745908
1027,wtfpython,satwikkansal,36838,2025-12-23 17:14:03.745908
1028,MockingBird,babysor,36832,2025-12-23 17:14:03.745908
1029,JavaFamily,AobingJava,36784,2025-12-23 17:14:03.745908
1030,ink-kit,inkonchain,36782,2025-12-23 17:14:03.745908
1031,compose,docker,36683,2025-12-23 17:14:03.745908
1032,polars,pola-rs,36652,2025-12-23 17:14:03.745908
1033,engineering-blogs,kilimchoi,36634,2025-12-23 17:14:03.745908
1034,og-aws,open-guides,36564,2025-12-23 17:14:03.745908
1035,shadowsocks-android,shadowsocks,36517,2025-12-23 17:14:03.745908
1036,outline,outline,36410,2025-12-23 17:14:03.745908
1037,lossless-cut,mifi,36389,2025-12-23 17:14:03.745908
1038,awesome-cursorrules,PatrickJS,36388,2025-12-23 17:14:03.745908
1039,Folo,RSSNext,36387,2025-12-23 17:14:03.745908
1040,date-fns,date-fns,36363,2025-12-23 17:14:03.745908
1041,Win11Debloat,Raphire,36342,2025-12-23 17:14:03.745908
1042,marked,markedjs,36324,2025-12-23 17:14:03.745908
1043,REKCARC-TSC-UHT,PKUanonym,36292,2025-12-23 17:14:03.745908
1044,agno,agno-agi,36279,2025-12-23 17:14:03.745908
1045,Fabric,danielmiessler,36260,2025-12-23 17:14:03.745908
1046,spacedrive,spacedriveapp,36210,2025-12-23 17:14:03.745908
1047,supervision,roboflow,36198,2025-12-23 17:14:03.745908
1048,sqlmap,sqlmapproject,36165,2025-12-23 17:14:03.745908
1049,typeorm,typeorm,36155,2025-12-23 17:14:03.745908
1050,awesome-shell,alebcay,36139,2025-12-23 17:14:03.745908
1051,manim,ManimCommunity,36103,2025-12-23 17:14:07.368627
1052,sheetjs,SheetJS,36090,2025-12-23 17:14:07.368627
1053,pytorch-image-models,huggingface,36061,2025-12-23 17:14:07.368627
1054,llvm-project,llvm,36057,2025-12-23 17:14:07.368627
1055,lerna,lerna,36054,2025-12-23 17:14:07.368627
1056,955.WLB,formulahendry,36045,2025-12-23 17:14:07.368627
1057,HanLP,hankcs,36008,2025-12-23 17:14:07.368627
1058,minimind,jingyaogong,36002,2025-12-23 17:14:07.368627
1059,DragGAN,XingangPan,36000,2025-12-23 17:14:07.368627
1060,NewPipe,TeamNewPipe,35991,2025-12-23 17:14:07.368627
1061,manifesto,opentofu,35988,2025-12-23 17:14:07.368627
1062,RevokeMsgPatcher,huiyadanli,35987,2025-12-23 17:14:07.368627
1063,hello-algorithm,geekxh,35953,2025-12-23 17:14:07.368627
1064,Coursera-ML-AndrewNg-Notes,fengdu78,35948,2025-12-23 17:14:07.368627
1065,LLM101n,karpathy,35932,2025-12-23 17:14:07.368627
1066,portainer,portainer,35901,2025-12-23 17:14:07.368627
1067,carbon,carbon-app,35831,2025-12-23 17:14:07.368627
1068,it-tools,CorentinTh,35734,2025-12-23 17:14:07.368627
1069,koa,koajs,35706,2025-12-23 17:14:07.368627
1070,OpenVoice,myshell-ai,35674,2025-12-23 17:14:07.368627
1071,lottie-android,airbnb,35540,2025-12-23 17:14:07.368627
1072,awesome-react-native,jondot,35530,2025-12-23 17:14:07.368627
1073,fullPage.js,alvarotrigo,35481,2025-12-23 17:14:07.368627
1074,vim-plug,junegunn,35450,2025-12-23 17:14:07.368627
1075,stats,exelban,35393,2025-12-23 17:14:07.368627
1076,AgentGPT,reworkd,35386,2025-12-23 17:14:07.368627
1077,nativefier,nativefier,35339,2025-12-23 17:14:07.368627
1078,leetcode,doocs,35315,2025-12-23 17:14:07.368627
1079,linux-command,jaywcjlove,35254,2025-12-23 17:14:07.368627
1080,fastify,fastify,35242,2025-12-23 17:14:07.368627
1081,drawdb,drawdb-io,35239,2025-12-23 17:14:07.368627
1082,hackathon-starter,sahat,35173,2025-12-23 17:14:07.368627
1083,the-way-to-go_ZH_CN,unknwon,35126,2025-12-23 17:14:07.368627
1084,paperless-ngx,paperless-ngx,35086,2025-12-23 17:14:07.368627
1085,GPT_API_free,chatanywhere,35047,2025-12-23 17:14:07.368627
1086,glide,bumptech,34992,2025-12-23 17:14:07.368627
1087,aseprite,aseprite,34990,2025-12-23 17:14:07.368627
1088,duckdb,duckdb,34939,2025-12-23 17:14:07.368627
1089,ShareX,ShareX,34920,2025-12-23 17:14:07.368627
1090,awesome-docker,veggiemonk,34919,2025-12-23 17:14:07.368627
1091,awesome-javascript,sorrycc,34834,2025-12-23 17:14:07.368627
1092,vnpy,vnpy,34826,2025-12-23 17:14:07.368627
1093,awesome-deepseek-integration,deepseek-ai,34813,2025-12-23 17:14:07.368627
1094,solid,solidjs,34786,2025-12-23 17:14:07.368627
1095,caffe,BVLC,34779,2025-12-23 17:14:07.368627
1096,qlib,microsoft,34777,2025-12-23 17:14:07.368627
1097,ruoyi-vue-pro,YunaiV,34747,2025-12-23 17:14:07.368627
1098,servo,servo,34723,2025-12-23 17:14:07.368627
1099,mattermost,mattermost,34699,2025-12-23 17:14:07.368627
1100,jieba,fxsjy,34666,2025-12-23 17:14:07.368627
1101,netty,netty,34657,2025-12-23 17:14:10.862394
1102,HowToLiveLonger,geekan,34615,2025-12-23 17:14:10.862394
1103,qBittorrent,qbittorrent,34598,2025-12-23 17:14:10.862394
1104,husky,typicode,34574,2025-12-23 17:14:10.862394
1105,gkd,gkd-kit,34551,2025-12-23 17:14:10.862394
1106,Python,geekcomputers,34511,2025-12-23 17:14:10.862394
1107,zsh-autosuggestions,zsh-users,34438,2025-12-23 17:14:10.862394
1108,jax,jax-ml,34406,2025-12-23 17:14:10.862394
1109,framework,laravel,34386,2025-12-23 17:14:10.862394
1110,formik,jaredpalmer,34371,2025-12-23 17:14:10.862394
1111,xyflow,xyflow,34368,2025-12-23 17:14:10.862394
1112,node-v0.x-archive,nodejs,34363,2025-12-23 17:14:10.862394
1113,TaskMatrix,chenfei-wu,34328,2025-12-23 17:14:10.862394
1114,gold-miner,xitu,34321,2025-12-23 17:14:10.862394
1115,umami,umami-software,34319,2025-12-23 17:14:10.862394
1116,How-To-Ask-Questions-The-Smart-Way,ryanhanwu,34249,2025-12-23 17:14:10.862394
1117,clipboard.js,zenorocha,34181,2025-12-23 17:14:10.862394
1118,tiptap,ueberdosis,34180,2025-12-23 17:14:10.862394
1119,Reactive-Resume,AmruthPillai,34171,2025-12-23 17:14:10.862394
1120,anoma,anoma,34171,2025-12-23 17:14:10.862394
1121,poetry,python-poetry,34135,2025-12-23 17:14:10.862394
1122,12306,testerSunshine,34116,2025-12-23 17:14:10.862394
1123,rufus,pbatard,34074,2025-12-23 17:14:10.862394
1124,react-beautiful-dnd,atlassian,34053,2025-12-23 17:14:10.862394
1125,spring-boot-demo,xkcoding,34050,2025-12-23 17:14:10.862394
1126,data-engineering-zoomcamp,DataTalksClub,34026,2025-12-23 17:14:10.862394
1127,JavaScript,TheAlgorithms,33980,2025-12-23 17:14:10.862394
1128,bulletproof-react,alan2207,33882,2025-12-23 17:14:10.862394
1129,detectron2,facebookresearch,33865,2025-12-23 17:14:10.862394
1130,selenium,SeleniumHQ,33806,2025-12-23 17:14:10.862394
1131,LeetCode-Go,halfrost,33774,2025-12-23 17:14:10.862394
1132,directus,directus,33772,2025-12-23 17:14:10.862394
1133,zxing,zxing,33766,2025-12-23 17:14:10.862394
1134,nps,ehang-io,33764,2025-12-23 17:14:10.862394
1135,easyexcel,alibaba,33735,2025-12-23 17:14:10.862394
1136,harness,harness,33726,2025-12-23 17:14:10.862394
1137,AFNetworking,AFNetworking,33718,2025-12-23 17:14:10.862394
1138,gpt-pilot,Pythagora-io,33715,2025-12-23 17:14:10.862394
1139,headscale,juanfont,33708,2025-12-23 17:14:10.862394
1140,AndroidUtilCode,Blankj,33689,2025-12-23 17:14:10.862394
1141,refine,refinedev,33674,2025-12-23 17:14:10.862394
1142,vault,hashicorp,33670,2025-12-23 17:14:10.862394
1143,server,nextcloud,33651,2025-12-23 17:14:10.862394
1144,AnotherRedisDesktopManager,qishibo,33645,2025-12-23 17:14:10.862394
1145,shadowsocks,shadowsocks,33638,2025-12-23 17:14:10.862394
1146,Real-ESRGAN,xinntao,33637,2025-12-23 17:14:10.862394
1147,Xray-core,XTLS,33611,2025-12-23 17:14:10.862394
1148,Trilium,TriliumNext,33607,2025-12-23 17:14:10.862394
1149,openpose,CMU-Perceptual-Computing-Lab,33580,2025-12-23 17:14:10.862394
1150,carbon-lang,carbon-language,33566,2025-12-23 17:14:10.862394
1151,C-Plus-Plus,TheAlgorithms,33562,2025-12-23 17:14:14.346377
1152,CyberChef,gchq,33524,2025-12-23 17:14:14.346377
1153,pnpm,pnpm,33494,2025-12-23 17:14:14.346377
1154,Retrieval-based-Voice-Conversion-WebUI,RVC-Project,33486,2025-12-23 17:14:14.346377
1155,croc,schollz,33467,2025-12-23 17:14:14.346377
1156,ControlNet,lllyasviel,33463,2025-12-23 17:14:14.346377
1157,ink,vadimdemedes,33428,2025-12-23 17:14:14.346377
1158,BettaFish,666ghj,33422,2025-12-23 17:14:14.346377
1159,XX-Net,XX-net,33397,2025-12-23 17:14:14.346377
1160,Hello-Python,mouredev,33315,2025-12-23 17:14:14.346377
1161,jq,jqlang,33221,2025-12-23 17:14:14.346377
1162,libpku,lib-pku,33183,2025-12-23 17:14:14.346377
1163,brackets,adobe,33132,2025-12-23 17:14:14.346377
1164,immutable-js,immutable-js,33100,2025-12-23 17:14:14.346377
1165,awesome-awesomeness,bayandin,33096,2025-12-23 17:14:14.346377
1166,mpv,mpv-player,33089,2025-12-23 17:14:14.346377
1167,ijkplayer,bilibili,33070,2025-12-23 17:14:14.346377
1168,textual,Textualize,33070,2025-12-23 17:14:14.346377
1169,swc,swc-project,33069,2025-12-23 17:14:14.346377
1170,everyone-can-use-english,ZuodaoTech,33052,2025-12-23 17:14:14.346377
1171,gulp,gulpjs,33032,2025-12-23 17:14:14.346377
1172,spaCy,explosion,32974,2025-12-23 17:14:14.346377
1173,Clone-Wars,GorvGoyl,32966,2025-12-23 17:14:14.346377
1174,learnGitBranching,pcottle,32918,2025-12-23 17:14:14.346377
1175,ShadowsocksX-NG,shadowsocks,32890,2025-12-23 17:14:14.346377
1176,chatbot-ui,mckaywrigley,32851,2025-12-23 17:14:14.346377
1177,litellm,BerriAI,32821,2025-12-23 17:14:14.346377
1178,v2ray-core,v2fly,32815,2025-12-23 17:14:14.346377
1179,etcher,balena-io,32781,2025-12-23 17:14:14.346377
1180,dioxus,DioxusLabs,32771,2025-12-23 17:14:14.346377
1181,Hyprland,hyprwm,32759,2025-12-23 17:14:14.346377
1182,serenity,SerenityOS,32718,2025-12-23 17:14:14.346377
1183,certbot,certbot,32706,2025-12-23 17:14:14.346377
1184,CasaOS,IceWhaleTech,32677,2025-12-23 17:14:14.346377
1185,modern-unix,ibraheemdev,32666,2025-12-23 17:14:14.346377
1186,tabby,TabbyML,32624,2025-12-23 17:14:14.346377
1187,LibreChat,danny-avila,32602,2025-12-23 17:14:14.346377
1188,Sunshine,LizardByte,32597,2025-12-23 17:14:14.346377
1189,mediapipe,google-ai-edge,32597,2025-12-23 17:14:14.346377
1190,react-bits,DavidHDev,32591,2025-12-23 17:14:14.346377
1191,1Panel,1Panel-dev,32575,2025-12-23 17:14:14.346377
1192,filebrowser,filebrowser,32574,2025-12-23 17:14:14.346377
1193,nacos,alibaba,32431,2025-12-23 17:14:14.346377
1194,comprehensive-rust,google,32419,2025-12-23 17:14:14.346377
1195,beego,beego,32383,2025-12-23 17:14:14.346377
1196,WxJava,binarywang,32347,2025-12-23 17:14:14.346377
1197,go-zero,zeromicro,32323,2025-12-23 17:14:14.346377
1198,YesPlayMusic,qier222,32281,2025-12-23 17:14:14.346377
1199,floating-ui,floating-ui,32262,2025-12-23 17:14:14.346377
1200,k9s,derailed,32256,2025-12-23 17:14:14.346377
1201,yew,yewstack,32241,2025-12-23 17:14:17.824489
1202,material-design-lite,google,32228,2025-12-23 17:14:17.824489
1203,paper-reading,mli,32222,2025-12-23 17:14:17.824489
1204,swr,vercel,32219,2025-12-23 17:14:17.824489
1205,awesome-php,ziadoz,32217,2025-12-23 17:14:17.824489
1206,my-tv,lizongying,32215,2025-12-23 17:14:17.824489
1207,mmdetection,open-mmlab,32205,2025-12-23 17:14:17.824489
1208,sniffnet,GyulyVGC,32184,2025-12-23 17:14:17.824489
1209,diffusers,huggingface,32173,2025-12-23 17:14:17.824489
1210,run,The-Run-Philosophy-Organization,32167,2025-12-23 17:14:17.824489
1211,awesome-sysadmin,awesome-foss,32150,2025-12-23 17:14:17.824489
1212,backstage,backstage,32142,2025-12-23 17:14:17.824489
1213,OCRmyPDF,ocrmypdf,32090,2025-12-23 17:14:17.824489
1214,netron,lutzroeder,32069,2025-12-23 17:14:17.824489
1215,awesome-cto,kuchin,32068,2025-12-23 17:14:17.824489
1216,remix,remix-run,32067,2025-12-23 17:14:17.824489
1217,CLIP,openai,32052,2025-12-23 17:14:17.824489
1218,pytorch-tutorial,yunjey,32051,2025-12-23 17:14:17.824489
1219,fairseq,facebookresearch,32042,2025-12-23 17:14:17.824489
1220,zoxide,ajeetdsouza,31996,2025-12-23 17:14:17.824489
1221,khoj,khoj-ai,31992,2025-12-23 17:14:17.824489
1222,UTM,utmapp,31976,2025-12-23 17:14:17.824489
1223,drizzle-orm,drizzle-team,31967,2025-12-23 17:14:17.824489
1224,linera-protocol,linera-io,31951,2025-12-23 17:14:17.824489
1225,MonitorControl,MonitorControl,31948,2025-12-23 17:14:17.824489
1226,echo,labstack,31947,2025-12-23 17:14:17.824489
1227,cursor,cursor,31905,2025-12-23 17:14:17.824489
1228,fish-shell,fish-shell,31884,2025-12-23 17:14:17.824489
1229,chatgpt-web,Chanzhaoyu,31882,2025-12-23 17:14:17.824489
1230,wails,wailsapp,31852,2025-12-23 17:14:17.824489
1231,graphql-engine,hasura,31850,2025-12-23 17:14:17.824489
1232,keycloak,keycloak,31848,2025-12-23 17:14:17.824489
1233,android-open-project,Trinea,31834,2025-12-23 17:14:17.824489
1234,GPTs,linexjlin,31787,2025-12-23 17:14:17.824489
1235,html2canvas,niklasvh,31713,2025-12-23 17:14:17.824489
1236,k3s,k3s-io,31704,2025-12-23 17:14:17.824489
1237,Data-Science-For-Beginners,microsoft,31691,2025-12-23 17:14:17.824489
1238,linux-insides,0xAX,31671,2025-12-23 17:14:17.824489
1239,shardeum,shardeum,31666,2025-12-23 17:14:17.824489
1240,conductor,conductor-oss,31658,2025-12-23 17:14:17.824489
1241,dokku,dokku,31649,2025-12-23 17:14:17.824489
1242,vimrc,amix,31639,2025-12-23 17:14:17.824489
1243,cockroach,cockroachdb,31638,2025-12-23 17:14:17.824489
1244,sharp,lovell,31623,2025-12-23 17:14:17.824489
1245,MS-DOS,microsoft,31608,2025-12-23 17:14:17.824489
1246,lottie-web,airbnb,31602,2025-12-23 17:14:17.824489
1247,AdGuardHome,AdguardTeam,31594,2025-12-23 17:14:17.824489
1248,rxjs,ReactiveX,31584,2025-12-23 17:14:17.824489
1249,kafka,apache,31575,2025-12-23 17:14:17.824489
1250,firecracker,firecracker-microvm,31498,2025-12-23 17:14:17.824489
1251,medusa,medusajs,31477,2025-12-23 17:14:21.246214
1252,slate,ianstormtaylor,31375,2025-12-23 17:14:21.246214
1253,restic,restic,31355,2025-12-23 17:14:21.246214
1254,editor.js,codex-team,31313,2025-12-23 17:14:21.246214
1255,minikube,kubernetes,31276,2025-12-23 17:14:21.246214
1256,rocksdb,facebook,31245,2025-12-23 17:14:21.246214
1257,lede,coolsnowwolf,31188,2025-12-23 17:14:21.246214
1258,dotfiles,mathiasbynens,31126,2025-12-23 17:14:21.246214
1259,Blog,mqyqingfeng,31091,2025-12-23 17:14:21.246214
1260,numpy,numpy,31080,2025-12-23 17:14:21.246214
1261,interactive-coding-challenges,donnemartin,31018,2025-12-23 17:14:21.246214
1262,vue-vben-admin,vbenjs,31002,2025-12-23 17:14:21.246214
1263,glances,nicolargo,31001,2025-12-23 17:14:21.246214
1264,influxdb,influxdata,30995,2025-12-23 17:14:21.246214
1265,dspy,stanfordnlp,30983,2025-12-23 17:14:21.246214
1266,CheatSheetSeries,OWASP,30946,2025-12-23 17:14:21.246214
1267,Sortable,SortableJS,30927,2025-12-23 17:14:21.246214
1268,tinygrad,tinygrad,30917,2025-12-23 17:14:21.246214
1269,jsPDF,parallax,30916,2025-12-23 17:14:21.246214
1270,ExplorerPatcher,valinet,30911,2025-12-23 17:14:21.246214
1271,stb,nothings,30886,2025-12-23 17:14:21.246214
1272,symfony,symfony,30866,2025-12-23 17:14:21.246214
1273,jQuery-File-Upload,blueimp,30851,2025-12-23 17:14:21.246214
1274,yazi,sxyazi,30814,2025-12-23 17:14:21.246214
1275,alpine,alpinejs,30811,2025-12-23 17:14:21.246214
1276,calculator,microsoft,30803,2025-12-23 17:14:21.246214
1277,tqdm,tqdm,30798,2025-12-23 17:14:21.246214
1278,p3c,alibaba,30797,2025-12-23 17:14:21.246214
1279,PDFMathTranslate,PDFMathTranslate,30776,2025-12-23 17:14:21.246214
1280,weekly,ascoders,30765,2025-12-23 17:14:21.246214
1281,docsify,docsifyjs,30747,2025-12-23 17:14:21.246214
1282,lux,iawia002,30730,2025-12-23 17:14:21.246214
1283,OpenAPI-Specification,OAI,30729,2025-12-23 17:14:21.246214
1284,fabric.js,fabricjs,30715,2025-12-23 17:14:21.246214
1285,erpnext,frappe,30681,2025-12-23 17:14:21.246214
1286,WSL,microsoft,30669,2025-12-23 17:14:21.246214
1287,webtorrent,webtorrent,30644,2025-12-23 17:14:21.246214
1288,spring-boot-examples,ityouknow,30642,2025-12-23 17:14:21.246214
1289,DevToys,DevToys-app,30622,2025-12-23 17:14:21.246214
1290,surrealdb,surrealdb,30619,2025-12-23 17:14:21.246214
1291,pytorch-lightning,Lightning-AI,30612,2025-12-23 17:14:21.246214
1292,nginx-proxy-manager,NginxProxyManager,30605,2025-12-23 17:14:21.246214
1293,trivy,aquasecurity,30592,2025-12-23 17:14:21.246214
1294,motion,motiondivision,30579,2025-12-23 17:14:21.246214
1295,AI-Expert-Roadmap,AMAI-GmbH,30577,2025-12-23 17:14:21.246214
1296,tokio,tokio-rs,30572,2025-12-23 17:14:21.246214
1297,glance,glanceapp,30540,2025-12-23 17:14:21.246214
1298,uppy,transloadit,30534,2025-12-23 17:14:21.246214
1299,marker,datalab-to,30512,2025-12-23 17:14:21.246214
1300,posthog,PostHog,30509,2025-12-23 17:14:21.246214
1301,layui,layui,30475,2025-12-23 17:14:24.907661
1302,continue,continuedev,30470,2025-12-23 17:14:24.907661
1303,roop,s0md3v,30428,2025-12-23 17:14:24.907661
1304,NeteaseCloudMusicApi,Binaryify,30313,2025-12-23 17:14:24.907661
1305,hutool,chinabugotech,30286,2025-12-23 17:14:24.907661
1306,particles.js,VincentGarreau,30285,2025-12-23 17:14:24.907661
1307,sequelize,sequelize,30282,2025-12-23 17:14:24.907661
1308,kitty,kovidgoyal,30279,2025-12-23 17:14:24.907661
1309,mantine,mantinedev,30266,2025-12-23 17:14:24.907661
1310,DeepFaceLive,iperov,30262,2025-12-23 17:14:24.907661
1311,stanford_alpaca,tatsu-lab,30262,2025-12-23 17:14:24.907661
1312,500-AI-Machine-learning-Deep-learning-Computer-vision-NLP-Projects-with-code,ashishpatel26,30252,2025-12-23 17:14:24.907661
1313,HEAD,joshbuchea,30236,2025-12-23 17:14:24.907661
1314,pear-desktop,pear-devs,30189,2025-12-23 17:14:24.907661
1315,algo,trailofbits,30184,2025-12-23 17:14:24.907661
1316,folly,facebook,30168,2025-12-23 17:14:24.907661
1317,podman,containers,30110,2025-12-23 17:14:24.907661
1318,TrackersListCollection,XIU2,30089,2025-12-23 17:14:24.907661
1319,awesome-python-cn,jobbole,30079,2025-12-23 17:14:24.907661
1320,awesome-macos-command-line,herrbischoff,30077,2025-12-23 17:14:24.907661
1321,react-three-fiber,pmndrs,29971,2025-12-23 17:14:24.907661
1322,ML-From-Scratch,eriklindernoren,29970,2025-12-23 17:14:24.907661
1323,cheerio,cheeriojs,29963,2025-12-23 17:14:24.907661
1324,refined-github,refined-github,29959,2025-12-23 17:14:24.907661
1325,os-tutorial,cfenollosa,29936,2025-12-23 17:14:24.907661
1326,graphrag,microsoft,29918,2025-12-23 17:14:24.907661
1327,leakcanary,square,29859,2025-12-23 17:14:24.907661
1328,claude-cookbooks,anthropics,29853,2025-12-23 17:14:24.907661
1329,raylib,raysan5,29825,2025-12-23 17:14:24.907661
1330,foundation-sites,foundation,29776,2025-12-23 17:14:24.907661
1331,django-rest-framework,encode,29759,2025-12-23 17:14:24.907661
1332,apollo,apolloconfig,29747,2025-12-23 17:14:24.907661
1333,viper,spf13,29723,2025-12-23 17:14:24.907661
1334,handson-ml2,ageron,29717,2025-12-23 17:14:24.907661
1335,xxl-job,xuxueli,29709,2025-12-23 17:14:24.907661
1336,Mr.-Ranedeer-AI-Tutor,JushBJJ,29680,2025-12-23 17:14:24.907661
1337,css-protips,AllThingsSmitty,29676,2025-12-23 17:14:24.907661
1338,vue-cli,vuejs,29673,2025-12-23 17:14:24.907661
1339,lighthouse,GoogleChrome,29652,2025-12-23 17:14:24.907661
1340,consul,hashicorp,29611,2025-12-23 17:14:24.907661
1341,Avalonia,AvaloniaUI,29603,2025-12-23 17:14:24.907661
1342,tuning_playbook,google-research,29588,2025-12-23 17:14:24.907661
1343,500lines,aosabook,29588,2025-12-23 17:14:24.907661
1344,dragonfly,dragonflydb,29561,2025-12-23 17:14:24.907661
1345,react-boilerplate,react-boilerplate,29547,2025-12-23 17:14:24.907661
1346,project-guidelines,elsewhencode,29546,2025-12-23 17:14:24.907661
1347,openai-python,openai,29541,2025-12-23 17:14:24.907661
1348,canal,alibaba,29538,2025-12-23 17:14:24.907661
1349,k6,grafana,29516,2025-12-23 17:14:24.907661
1350,hey,bigint,29512,2025-12-23 17:14:24.907661
1351,hosts,StevenBlack,29496,2025-12-23 17:14:28.630184
1352,phantomjs,ariya,29487,2025-12-23 17:14:28.630184
1353,vscodium,VSCodium,29484,2025-12-23 17:14:28.630184
1354,rust-course,sunface,29475,2025-12-23 17:14:28.630184
1355,plyr,sampotts,29414,2025-12-23 17:14:28.630184
1356,python-guide,realpython,29413,2025-12-23 17:14:28.630184
1357,standard,standard,29406,2025-12-23 17:14:28.630184
1358,just,casey,29403,2025-12-23 17:14:28.630184
1359,Hover,IanLunn,29401,2025-12-23 17:14:28.630184
1360,tdesktop,telegramdesktop,29370,2025-12-23 17:14:28.630184
1361,Proton,ValveSoftware,29368,2025-12-23 17:14:28.630184
1362,changedetection.io,dgtlmoon,29366,2025-12-23 17:14:28.630184
1363,turborepo,vercel,29312,2025-12-23 17:14:28.630184
1364,composer,composer,29266,2025-12-23 17:14:28.630184
1365,jumpserver,jumpserver,29261,2025-12-23 17:14:28.630184
1366,openssl,openssl,29257,2025-12-23 17:14:28.630184
1367,Complete-Python-3-Bootcamp,Pierian-Data,29234,2025-12-23 17:14:28.630184
1368,helm,helm,29210,2025-12-23 17:14:28.630184
1369,Jobs_Applier_AI_Agent_AIHawk,feder-cr,29195,2025-12-23 17:14:28.630184
1370,90DaysOfDevOps,MichaelCade,29189,2025-12-23 17:14:28.630184
1371,btop,aristocratos,29167,2025-12-23 17:14:28.630184
1372,es6features,lukehoban,29159,2025-12-23 17:14:28.630184
1373,llama3,meta-llama,29146,2025-12-23 17:14:28.630184
1374,swift-algorithm-club,kodecocodes,29136,2025-12-23 17:14:28.630184
1375,WindTerm,kingToolbox,29123,2025-12-23 17:14:28.630184
1376,sing-box,SagerNet,29105,2025-12-23 17:14:28.630184
1377,xstate,statelyai,29062,2025-12-23 17:14:28.630184
1378,seaweedfs,seaweedfs,29020,2025-12-23 17:14:28.630184
1379,SpringAll,wuyouzhuguli,29010,2025-12-23 17:14:28.630184
1380,react-spring,pmndrs,29008,2025-12-23 17:14:28.630184
1381,COVID-19,CSSEGISandData,29007,2025-12-23 17:14:28.630184
1382,JavaScript30,wesbos,28970,2025-12-23 17:14:28.630184
1383,spring-cloud-alibaba,alibaba,28952,2025-12-23 17:14:28.630184
1384,postcss,postcss,28918,2025-12-23 17:14:28.630184
1385,nginx,nginx,28910,2025-12-23 17:14:28.630184
1386,todomvc,tastejs,28891,2025-12-23 17:14:28.630184
1387,iced,iced-rs,28796,2025-12-23 17:14:28.630184
1388,immer,immerjs,28787,2025-12-23 17:14:28.630184
1389,data-science-ipython-notebooks,donnemartin,28764,2025-12-23 17:14:28.630184
1390,BetterDisplay,waydabber,28751,2025-12-23 17:14:28.630184
1391,kickstart.nvim,nvim-lua,28730,2025-12-23 17:14:28.630184
1392,dnSpy,dnSpy,28717,2025-12-23 17:14:28.630184
1393,awesome-github-profile-readme,abhisheknaiidu,28716,2025-12-23 17:14:28.630184
1394,machine-learning-for-software-engineers,ZuzooVn,28671,2025-12-23 17:14:28.630184
1395,linkedin-skill-assessments-quizzes,Ebazhanov,28661,2025-12-23 17:14:28.630184
1396,one-api,songquanpeng,28630,2025-12-23 17:14:28.630184
1397,slick,kenwheeler,28620,2025-12-23 17:14:28.630184
1398,EasyOCR,JaidedAI,28604,2025-12-23 17:14:28.630184
1399,applied-ml,eugeneyan,28560,2025-12-23 17:14:28.630184
1400,python-telegram-bot,python-telegram-bot,28552,2025-12-23 17:14:28.630184
